General : Start date,2/9/2023,
,,
Time,Extension,Load
(s),(in),(lbf)
0,0,0.00904
0.1,0.00001,-0.00027
0.2,0.00011,0.04865
0.3,0.00047,0.29951
0.4,0.00112,0.75467
0.5,0.00195,1.40117
0.6,0.00282,2.09008
0.7,0.00371,2.89333
0.8,0.00453,3.67836
0.9,0.00526,4.43229
1,0.00594,5.19164
1.1,0.00655,5.97111
1.2,0.00709,6.66068
1.3,0.00757,7.31622
1.4,0.00803,8.00678
1.5,0.00847,8.64562
1.6,0.00886,9.26376
1.7,0.00924,9.91196
1.8,0.00959,10.53501
1.9,0.00994,11.13926
2,0.01027,11.79146
2.1,0.01058,12.39377
2.2,0.01087,13.03032
2.3,0.01115,13.61942
2.4,0.01143,14.21639
2.5,0.01169,14.82025
2.6,0.01195,15.42133
2.7,0.01221,16.07273
2.8,0.01243,16.63013
2.9,0.01267,17.25919
3,0.0129,17.87576
3.1,0.01312,18.49147
3.2,0.01332,19.06519
3.3,0.01353,19.70085
3.4,0.01373,20.28315
3.5,0.01392,20.89166
3.6,0.01411,21.46748
3.7,0.01428,22.0564
3.8,0.01446,22.63279
3.9,0.01464,23.25412
4,0.01481,23.83412
4.1,0.01499,24.50177
4.2,0.01514,25.04835
4.3,0.01532,25.71526
4.4,0.01547,26.30053
4.5,0.01562,26.88606
4.6,0.01577,27.43566
4.7,0.01592,28.08453
4.8,0.01606,28.6238
4.9,0.01622,29.27282
5,0.01636,29.87174
5.1,0.01649,30.43828
5.2,0.01664,31.0663
5.3,0.01678,31.66629
5.4,0.0169,32.1997
5.5,0.01703,32.8034
5.6,0.01716,33.42789
5.7,0.0173,34.0257
5.8,0.01743,34.61811
5.9,0.01755,35.25628
6,0.01768,35.86255
6.1,0.0178,36.41281
6.2,0.01792,37.00231
6.3,0.01803,37.62998
6.4,0.01816,38.24066
6.5,0.01826,38.77828
6.6,0.01839,39.42982
6.7,0.01851,40.02152
6.8,0.01862,40.65034
6.9,0.01873,41.19466
7,0.01885,41.81444
7.1,0.01895,42.39773
7.2,0.01907,43.01948
7.3,0.01918,43.56578
7.4,0.01928,44.15656
7.5,0.0194,44.77227
7.6,0.01951,45.41835
7.7,0.01961,45.95227
7.8,0.01972,46.59109
7.9,0.01983,47.22283
8,0.01994,47.86094
8.1,0.02004,48.43042
8.2,0.02015,49.03245
8.3,0.02026,49.66787
8.4,0.02035,50.24212
8.5,0.02046,50.849
8.6,0.02056,51.42361
8.7,0.02065,52.01682
8.8,0.02075,52.56736
8.9,0.02086,53.2116
9,0.02096,53.78069
9.1,0.02105,54.37781
9.2,0.02116,55.04535
9.3,0.02126,55.60077
9.4,0.02135,56.18609
9.5,0.02145,56.78275
9.6,0.02155,57.40905
9.7,0.02165,57.96493
9.8,0.02175,58.6162
9.9,0.02185,59.19336
10,0.02194,59.79396
10.1,0.02205,60.44951
10.2,0.02214,61.03514
10.3,0.02225,61.65768
10.4,0.02233,62.20674
10.5,0.02243,62.79836
10.6,0.02253,63.44928
10.7,0.02263,64.07478
10.8,0.02272,64.62724
10.9,0.02281,65.18292
11,0.02291,65.79802
11.1,0.023,66.38591
11.2,0.0231,67.0291
11.3,0.02318,67.61476
11.4,0.02328,68.23584
11.5,0.02337,68.83551
11.6,0.02346,69.35735
11.7,0.02356,70.03762
11.8,0.02364,70.59048
11.9,0.02373,71.19483
12,0.02382,71.81241
12.1,0.02391,72.35771
12.2,0.024,73.04649
12.3,0.02409,73.6129
12.4,0.02417,74.18024
12.5,0.02426,74.78963
12.6,0.02434,75.40125
12.7,0.02443,76.06981
12.8,0.02451,76.61515
12.9,0.02459,77.17086
13,0.02468,77.7934
13.1,0.02477,78.48796
13.2,0.02485,79.0281
13.3,0.02493,79.62606
13.4,0.02501,80.19806
13.5,0.02509,80.85664
13.6,0.02517,81.42137
13.7,0.02525,81.96927
13.8,0.02533,82.6672
13.9,0.02541,83.23889
14,0.02549,83.79668
14.1,0.02557,84.39668
14.2,0.02565,85.09283
14.3,0.02572,85.61709
14.4,0.0258,86.23435
14.5,0.02588,86.84694
14.6,0.02595,87.37474
14.7,0.02602,87.96626
14.8,0.02611,88.65222
14.9,0.02617,89.17468
15,0.02625,89.82289
15.1,0.02632,90.41039
15.2,0.0264,90.9696
15.3,0.02647,91.59289
15.4,0.02655,92.26968
15.5,0.02662,92.79578
15.6,0.02669,93.43862
15.7,0.02677,94.03218
15.8,0.02684,94.59358
15.9,0.02691,95.23924
16,0.02699,95.85397
16.1,0.02706,96.40748
16.2,0.02713,97.08947
16.3,0.0272,97.67051
16.4,0.02727,98.20339
16.5,0.02734,98.80905
16.6,0.02741,99.39563
16.7,0.02748,100.05705
16.8,0.02755,100.60852
16.9,0.02762,101.22739
17,0.02768,101.82594
17.1,0.02775,102.36387
17.2,0.02781,103.00428
17.3,0.02788,103.62498
17.4,0.02795,104.17757
17.5,0.02802,104.84472
17.6,0.02808,105.4079
17.7,0.02815,105.99849
17.8,0.02822,106.58838
17.9,0.02828,107.17704
18,0.02835,107.79652
18.1,0.02841,108.34692
18.2,0.02848,109.0196
18.3,0.02854,109.59261
18.4,0.0286,110.20775
18.5,0.02866,110.78192
18.6,0.02873,111.36436
18.7,0.02879,112.01567
18.8,0.02885,112.5717
18.9,0.02892,113.24719
19,0.02898,113.81608
19.1,0.02904,114.40564
19.2,0.0291,114.93807
19.3,0.02916,115.60957
19.4,0.02922,116.20794
19.5,0.02929,116.85568
19.6,0.02934,117.40266
19.7,0.0294,118.03159
19.8,0.02946,118.61945
19.9,0.02952,119.21131
20,0.02958,119.80885
20.1,0.02964,120.38807
20.2,0.0297,121.06076
20.3,0.02976,121.61947
20.4,0.02982,122.22088
20.5,0.02988,122.83656
20.6,0.02993,123.42671
20.7,0.02999,123.96738
20.8,0.03005,124.61445
20.9,0.0301,125.15549
21,0.03017,125.84414
21.1,0.03022,126.35138
21.2,0.03028,127.0176
21.3,0.03034,127.63575
21.4,0.0304,128.21519
21.5,0.03045,128.76719
21.6,0.03051,129.39369
21.7,0.03056,129.98216
21.8,0.03063,130.68739
21.9,0.03068,131.18202
22,0.03074,131.8383
22.1,0.03079,132.40144
22.2,0.03085,133.0206
22.3,0.0309,133.54849
22.4,0.03096,134.21928
22.5,0.03101,134.78585
22.6,0.03107,135.46885
22.7,0.03113,136.01582
22.8,0.03118,136.62305
22.9,0.03123,137.22116
23,0.03129,137.80569
23.1,0.03134,138.36504
23.2,0.0314,139.00379
23.3,0.03145,139.56935
23.4,0.03151,140.22469
23.5,0.03156,140.78681
23.6,0.03162,141.42196
23.7,0.03167,142.02589
23.8,0.03172,142.60039
23.9,0.03178,143.18482
24,0.03183,143.81351
24.1,0.03189,144.40661
24.2,0.03194,145.02913
24.3,0.03199,145.65716
24.4,0.03205,146.20333
24.5,0.0321,146.84258
24.6,0.03216,147.43113
24.7,0.03221,148.03305
24.8,0.03226,148.56796
24.9,0.03231,149.20413
25,0.03236,149.78741
25.1,0.03242,150.46977
25.2,0.03247,150.99241
25.3,0.03253,151.61898
25.4,0.03258,152.22632
25.5,0.03263,152.80528
25.6,0.03268,153.38129
25.7,0.03273,153.99352
25.8,0.03279,154.6201
25.9,0.03284,155.212
26,0.03289,155.83973
26.1,0.03294,156.3637
26.2,0.033,157.05306
26.3,0.03305,157.62994
26.4,0.0331,158.23111
26.5,0.03315,158.76248
26.6,0.0332,159.39539
26.7,0.03325,159.96402
26.8,0.0333,160.61691
26.9,0.03335,161.22717
27,0.0334,161.79394
27.1,0.03346,162.45369
27.2,0.03351,163.03161
27.3,0.03356,163.64962
27.4,0.03361,164.1758
27.5,0.03366,164.78457
27.6,0.03371,165.38629
27.7,0.03376,166.03993
27.8,0.03381,166.62024
27.9,0.03386,167.16576
28,0.03392,167.86371
28.1,0.03397,168.44341
28.2,0.03402,169.01752
28.3,0.03407,169.58957
28.4,0.03412,170.23225
28.5,0.03417,170.78475
28.6,0.03422,171.48182
28.7,0.03427,172.01843
28.8,0.03432,172.6064
28.9,0.03437,173.26102
29,0.03442,173.83196
29.1,0.03447,174.41886
29.2,0.03452,174.99237
29.3,0.03457,175.62578
29.4,0.03462,176.15632
29.5,0.03467,176.84278
29.6,0.03472,177.40772
29.7,0.03476,177.98828
29.8,0.03482,178.65806
29.9,0.03487,179.21792
30,0.03491,179.81894
30.1,0.03496,180.38018
30.2,0.03501,180.9947
30.3,0.03506,181.5739
30.4,0.03511,182.21936
30.5,0.03516,182.84916
30.6,0.0352,183.37812
30.7,0.03525,184.00686
30.8,0.0353,184.62699
30.9,0.03535,185.22931
31,0.0354,185.77501
31.1,0.03545,186.40555
31.2,0.03549,186.98479
31.3,0.03554,187.5895
31.4,0.03559,188.27968
31.5,0.03564,188.7733
31.6,0.03569,189.37746
31.7,0.03573,190.01859
31.8,0.03578,190.6036
31.9,0.03583,191.21652
32,0.03588,191.76832
32.1,0.03593,192.44296
32.2,0.03597,192.99045
32.3,0.03602,193.66368
32.4,0.03607,194.24493
32.5,0.03611,194.76982
32.6,0.03617,195.43857
32.7,0.03621,196.03577
32.8,0.03626,196.63901
32.9,0.03631,197.20345
33,0.03635,197.79791
33.1,0.0364,198.41045
33.2,0.03645,199.01192
33.3,0.0365,199.68632
33.4,0.03654,200.17627
33.5,0.03659,200.83239
33.6,0.03664,201.48158
33.7,0.03669,202.01006
33.8,0.03673,202.63493
33.9,0.03678,203.14203
34,0.03683,203.79456
34.1,0.03687,204.39411
34.2,0.03692,205.03681
34.3,0.03697,205.6327
34.4,0.03701,206.21394
34.5,0.03706,206.82487
34.6,0.03711,207.41532
34.7,0.03715,208.02218
34.8,0.0372,208.58904
34.9,0.03725,209.18461
35,0.03729,209.81776
35.1,0.03734,210.37594
35.2,0.03739,211.04218
35.3,0.03743,211.61481
35.4,0.03748,212.21269
35.5,0.03753,212.83759
35.6,0.03758,213.43659
35.7,0.03762,214.05289
35.8,0.03767,214.59204
35.9,0.03771,215.22006
36,0.03776,215.76792
36.1,0.03781,216.42166
36.2,0.03786,217.0455
36.3,0.0379,217.58131
36.4,0.03795,218.20937
36.5,0.03799,218.83211
36.6,0.03804,219.40038
36.7,0.03809,219.99237
36.8,0.03813,220.58272
36.9,0.03818,221.2189
37,0.03823,221.77388
37.1,0.03828,222.43347
37.2,0.03832,223.03172
37.3,0.03837,223.57217
37.4,0.03841,224.23885
37.5,0.03846,224.81642
37.6,0.03851,225.41303
37.7,0.03855,225.96359
37.8,0.0386,226.57857
37.9,0.03864,227.22477
38,0.03869,227.79936
38.1,0.03874,228.43771
38.2,0.03878,229.03758
38.3,0.03883,229.59341
38.4,0.03888,230.22937
38.5,0.03892,230.80604
38.6,0.03897,231.44054
38.7,0.03901,231.98434
38.8,0.03906,232.61604
38.9,0.03911,233.22658
39,0.03915,233.76882
39.1,0.0392,234.47834
39.2,0.03925,235.00776
39.3,0.03929,235.58545
39.4,0.03934,236.21394
39.5,0.03939,236.82643
39.6,0.03944,237.45034
39.7,0.03948,237.95635
39.8,0.03953,238.59727
39.9,0.03957,239.17652
40,0.03962,239.79148
40.1,0.03967,240.42889
40.2,0.03971,240.98273
40.3,0.03976,241.62036
40.4,0.03981,242.21995
40.5,0.03985,242.80873
40.6,0.0399,243.41485
40.7,0.03994,243.96952
40.8,0.03999,244.63462
40.9,0.04004,245.16382
41,0.04009,245.82977
41.1,0.04013,246.45567
41.2,0.04018,246.99764
41.3,0.04023,247.63405
41.4,0.04027,248.17264
41.5,0.04032,248.80711
41.6,0.04036,249.3589
41.7,0.04041,249.97251
41.8,0.04046,250.62477
41.9,0.0405,251.19735
42,0.04055,251.8684
42.1,0.0406,252.39486
42.2,0.04064,252.97291
42.3,0.04069,253.62448
42.4,0.04074,254.18562
42.5,0.04079,254.82868
42.6,0.04083,255.36721
42.7,0.04088,256.00506
42.8,0.04093,256.57891
42.9,0.04098,257.19411
43,0.04102,257.84425
43.1,0.04107,258.40323
43.2,0.04112,259.04453
43.3,0.04117,259.62335
43.4,0.04122,260.27201
43.5,0.04126,260.80489
43.6,0.04131,261.39131
43.7,0.04136,262.03607
43.8,0.0414,262.6092
43.9,0.04145,263.26305
44,0.0415,263.82469
44.1,0.04155,264.41198
44.2,0.04159,265.04807
44.3,0.04164,265.6419
44.4,0.04169,266.21457
44.5,0.04173,266.74292
44.6,0.04178,267.40289
44.7,0.04183,268.00978
44.8,0.04188,268.62037
44.9,0.04193,269.267
45,0.04197,269.78621
45.1,0.04202,270.41646
45.2,0.04207,270.99604
45.3,0.04212,271.60247
45.4,0.04216,272.18098
45.5,0.04221,272.76814
45.6,0.04226,273.40604
45.7,0.04231,273.97501
45.8,0.04236,274.64633
45.9,0.0424,275.19425
46,0.04245,275.77109
46.1,0.0425,276.42853
46.2,0.04255,277.00312
46.3,0.0426,277.64852
46.4,0.04264,278.15667
46.5,0.04269,278.78019
46.6,0.04274,279.35593
46.7,0.04279,280.01938
46.8,0.04284,280.63453
46.9,0.04289,281.20526
47,0.04294,281.86473
47.1,0.04299,282.45285
47.2,0.04304,283.03803
47.3,0.04308,283.58183
47.4,0.04313,284.19089
47.5,0.04318,284.8222
47.6,0.04323,285.40456
47.7,0.04328,286.08217
47.8,0.04333,286.58547
47.9,0.04338,287.20775
48,0.04343,287.83292
48.1,0.04348,288.43745
48.2,0.04353,289.00373
48.3,0.04357,289.58633
48.4,0.04362,290.20521
48.5,0.04368,290.84391
48.6,0.04373,291.49608
48.7,0.04377,291.98275
48.8,0.04382,292.6226
48.9,0.04387,293.22328
49,0.04392,293.826
49.1,0.04397,294.41015
49.2,0.04402,295.00757
49.3,0.04407,295.63271
49.4,0.04412,296.16594
49.5,0.04417,296.85483
49.6,0.04422,297.36312
49.7,0.04427,297.99973
49.8,0.04432,298.63538
49.9,0.04437,299.22757
50,0.04442,299.80045
50.1,0.04447,300.38498
50.2,0.04452,300.97796
50.3,0.04457,301.55982
50.4,0.04462,302.25722
50.5,0.04467,302.79962
50.6,0.04472,303.39943
50.7,0.04477,304.04024
50.8,0.04482,304.61809
50.9,0.04487,305.18349
51,0.04492,305.78802
51.1,0.04497,306.40348
51.2,0.04502,306.98902
51.3,0.04508,307.64728
51.4,0.04513,308.16545
51.5,0.04518,308.80305
51.6,0.04523,309.44095
51.7,0.04528,310.03179
51.8,0.04533,310.57597
51.9,0.04538,311.15866
52,0.04543,311.80704
52.1,0.04548,312.3889
52.2,0.04554,313.09033
52.3,0.04559,313.58647
52.4,0.04564,314.22058
52.5,0.04569,314.83861
52.6,0.04574,315.44515
52.7,0.04579,315.98137
52.8,0.04584,316.59249
52.9,0.0459,317.19787
53,0.04595,317.83333
53.1,0.046,318.45982
53.2,0.04605,318.95661
53.3,0.04611,319.66997
53.4,0.04616,320.21188
53.5,0.04621,320.83782
53.6,0.04626,321.35667
53.7,0.04631,321.98258
53.8,0.04636,322.56186
53.9,0.04642,323.26574
54,0.04647,323.8119
54.1,0.04652,324.40888
54.2,0.04658,325.03386
54.3,0.04663,325.60924
54.4,0.04668,326.21446
54.5,0.04673,326.78332
54.6,0.04678,327.4008
54.7,0.04684,327.97657
54.8,0.04689,328.62139
54.9,0.04694,329.15676
55,0.047,329.82661
55.1,0.04705,330.40364
55.2,0.04711,331.00795
55.3,0.04716,331.56975
55.4,0.04721,332.207
55.5,0.04727,332.78974
55.6,0.04732,333.43689
55.7,0.04737,333.97459
55.8,0.04742,334.53719
55.9,0.04748,335.18429
56,0.04754,335.80718
56.1,0.04759,336.36486
56.2,0.04764,336.96377
56.3,0.0477,337.58131
56.4,0.04775,338.20826
56.5,0.04781,338.83134
56.6,0.04786,339.39001
56.7,0.04792,340.05023
56.8,0.04797,340.57693
56.9,0.04802,341.1825
57,0.04808,341.74099
57.1,0.04814,342.42856
57.2,0.04819,343.00024
57.3,0.04825,343.67041
57.4,0.0483,344.21268
57.5,0.04836,344.85379
57.6,0.04841,345.42017
57.7,0.04847,346.04732
57.8,0.04853,346.5909
57.9,0.04858,347.24441
58,0.04864,347.78783
58.1,0.04869,348.44725
58.2,0.04875,348.99184
58.3,0.04881,349.65049
58.4,0.04886,350.20052
58.5,0.04892,350.81787
58.6,0.04897,351.35401
58.7,0.04903,352.00758
58.8,0.04909,352.54699
58.9,0.04915,353.22874
59,0.0492,353.74812
59.1,0.04926,354.40608
59.2,0.04932,355.01786
59.3,0.04937,355.60823
59.4,0.04943,356.14635
59.5,0.04949,356.79394
59.6,0.04954,357.34751
59.7,0.04961,358.05242
59.8,0.04966,358.5853
59.9,0.04972,359.21044
60,0.04978,359.7827
60.1,0.04984,360.42458
60.2,0.04989,360.9338
60.3,0.04995,361.61701
60.4,0.05001,362.20049
60.5,0.05007,362.82555
60.6,0.05013,363.37369
60.7,0.05019,364.02281
60.8,0.05025,364.61614
60.9,0.05031,365.16969
61,0.05037,365.77164
61.1,0.05043,366.36415
61.2,0.05049,367.03207
61.3,0.05055,367.60428
61.4,0.05061,368.23682
61.5,0.05067,368.82478
61.6,0.05073,369.42127
61.7,0.05079,369.98535
61.8,0.05085,370.63033
61.9,0.05091,371.21875
62,0.05097,371.87123
62.1,0.05103,372.40106
62.2,0.05109,373.09157
62.3,0.05116,373.64519
62.4,0.05121,374.17266
62.5,0.05128,374.811
62.6,0.05134,375.39248
62.7,0.0514,376.04183
62.8,0.05146,376.58502
62.9,0.05153,377.24417
63,0.05159,377.80021
63.1,0.05165,378.39313
63.2,0.05171,378.99327
63.3,0.05177,379.58935
63.4,0.05184,380.25197
63.5,0.0519,380.80181
63.6,0.05196,381.42091
63.7,0.05203,382.03321
63.8,0.05209,382.62811
63.9,0.05215,383.17594
64,0.05222,383.81458
64.1,0.05228,384.4175
64.2,0.05235,385.00592
64.3,0.05241,385.61023
64.4,0.05248,386.21712
64.5,0.05254,386.80749
64.6,0.0526,387.35722
64.7,0.05267,387.96694
64.8,0.05273,388.61024
64.9,0.0528,389.1918
65,0.05287,389.78912
65.1,0.05293,390.39938
65.2,0.053,391.01709
65.3,0.05306,391.55814
65.4,0.05313,392.20005
65.5,0.0532,392.86641
65.6,0.05327,393.40683
65.7,0.05334,394.0634
65.8,0.0534,394.61694
65.9,0.05347,395.21996
66,0.05354,395.84109
66.1,0.05361,396.42444
66.2,0.05368,397.05608
66.3,0.05374,397.57324
66.4,0.05382,398.23693
66.5,0.05388,398.823
66.6,0.05395,399.3755
66.7,0.05402,400.01408
66.8,0.05409,400.63154
66.9,0.05416,401.21123
67,0.05423,401.84776
67.1,0.0543,402.39982
67.2,0.05437,402.95973
67.3,0.05444,403.56695
67.4,0.05451,404.14283
67.5,0.05458,404.83565
67.6,0.05465,405.35154
67.7,0.05472,406.01268
67.8,0.05479,406.60289
67.9,0.05487,407.16252
68,0.05494,407.77891
68.1,0.05501,408.45657
68.2,0.05509,408.97622
68.3,0.05516,409.62414
68.4,0.05524,410.23219
68.5,0.05531,410.78932
68.6,0.05538,411.39712
68.7,0.05546,412.05398
68.8,0.05553,412.5884
68.9,0.05561,413.28074
69,0.05569,413.86612
69.1,0.05576,414.41719
69.2,0.05584,415.02063
69.3,0.05592,415.66885
69.4,0.05599,416.18007
69.5,0.05607,416.81347
69.6,0.05615,417.39871
69.7,0.05622,417.96051
69.8,0.0563,418.5623
69.9,0.05638,419.25253
70,0.05646,419.79255
70.1,0.05654,420.41242
70.2,0.05661,421.01544
70.3,0.05669,421.59785
70.4,0.05677,422.14382
70.5,0.05685,422.76666
70.6,0.05693,423.37917
70.7,0.05702,423.98702
70.8,0.0571,424.56274
70.9,0.05718,425.21494
71,0.05726,425.84584
71.1,0.05735,426.41085
71.2,0.05743,427.03888
71.3,0.05752,427.62754
71.4,0.0576,428.1807
71.5,0.05768,428.7975
71.6,0.05777,429.41822
71.7,0.05786,430.02327
71.8,0.05794,430.60259
71.9,0.05803,431.16236
72,0.05811,431.74919
72.1,0.0582,432.47485
72.2,0.05829,433.02559
72.3,0.05838,433.63712
72.4,0.05847,434.19357
72.5,0.05856,434.80982
72.6,0.05865,435.44432
72.7,0.05874,436.02898
72.8,0.05883,436.62256
72.9,0.05892,437.15599
73,0.05901,437.7696
73.1,0.0591,438.44348
73.2,0.0592,439.03023
73.3,0.05929,439.58229
73.4,0.05938,440.1568
73.5,0.05947,440.78452
73.6,0.05957,441.43562
73.7,0.05966,442.02196
73.8,0.05976,442.60956
73.9,0.05985,443.18008
74,0.05995,443.78942
74.1,0.06004,444.40043
74.2,0.06014,445.03465
74.3,0.06024,445.60309
74.4,0.06034,446.2163
74.5,0.06044,446.85634
74.6,0.06054,447.42763
74.7,0.06064,448.04471
74.8,0.06074,448.58615
74.9,0.06084,449.20841
75,0.06094,449.83859
75.1,0.06105,450.4206
75.2,0.06115,450.98553
75.3,0.06125,451.60693
75.4,0.06135,452.238
75.5,0.06145,452.79344
75.6,0.06156,453.40689
75.7,0.06166,453.96721
75.8,0.06176,454.58324
75.9,0.06187,455.17849
76,0.06198,455.80572
76.1,0.06208,456.35062
76.2,0.06219,456.94974
76.3,0.0623,457.6018
76.4,0.06241,458.25537
76.5,0.06252,458.79824
76.6,0.06263,459.38611
76.7,0.06274,460.04056
76.8,0.06285,460.62103
76.9,0.06296,461.22487
77,0.06307,461.79809
77.1,0.06318,462.41533
77.2,0.0633,463.04678
77.3,0.06341,463.59623
77.4,0.06352,464.18399
77.5,0.06364,464.83531
77.6,0.06375,465.41534
77.7,0.06386,465.95793
77.8,0.06398,466.54899
77.9,0.0641,467.20278
78,0.06422,467.81118
78.1,0.06433,468.35405
78.2,0.06445,468.99016
78.3,0.06457,469.59126
78.4,0.06469,470.21607
78.5,0.06481,470.78562
78.6,0.06493,471.39797
78.7,0.06505,472.00373
78.8,0.06517,472.64539
78.9,0.06529,473.18755
79,0.06542,473.85001
79.1,0.06554,474.42949
79.2,0.06566,475.00967
79.3,0.06579,475.60079
79.4,0.06591,476.19612
79.5,0.06604,476.80623
79.6,0.06616,477.39596
79.7,0.06628,478.00146
79.8,0.06641,478.57544
79.9,0.06654,479.20755
80,0.06666,479.80443
80.1,0.06679,480.42885
80.2,0.06692,481.05032
80.3,0.06704,481.55932
80.4,0.06717,482.17755
80.5,0.0673,482.80378
80.6,0.06743,483.4708
80.7,0.06756,484.05209
80.8,0.06769,484.67832
80.9,0.06782,485.23985
81,0.06795,485.78382
81.1,0.06808,486.39749
81.2,0.06822,487.0043
81.3,0.06835,487.64091
81.4,0.06848,488.20134
81.5,0.06862,488.80908
81.6,0.06875,489.37467
81.7,0.06888,489.95705
81.8,0.06902,490.61178
81.9,0.06915,491.1895
82,0.06929,491.76107
82.1,0.06942,492.35811
82.2,0.06956,493.00915
82.3,0.0697,493.65131
82.4,0.06984,494.25318
82.5,0.06998,494.8411
82.6,0.07012,495.45582
82.7,0.07026,495.95928
82.8,0.0704,496.61982
82.9,0.07054,497.20099
83,0.07069,497.79337
83.1,0.07083,498.45693
83.2,0.07097,499.02318
83.3,0.07112,499.53064
83.4,0.07126,500.16423
83.5,0.07141,500.82384
83.6,0.07155,501.36528
83.7,0.0717,501.98422
83.8,0.07185,502.63247
83.9,0.072,503.18516
84,0.07215,503.80031
84.1,0.0723,504.36497
84.2,0.07245,504.98654
84.3,0.0726,505.57244
84.4,0.07275,506.20812
84.5,0.07291,506.80587
84.6,0.07306,507.3854
84.7,0.07321,508.01877
84.8,0.07337,508.57042
84.9,0.07352,509.19194
85,0.07368,509.8044
85.1,0.07383,510.34924
85.2,0.07399,511.05655
85.3,0.07415,511.61566
85.4,0.0743,512.15534
85.5,0.07446,512.83498
85.6,0.07462,513.45063
85.7,0.07478,513.99503
85.8,0.07494,514.62144
85.9,0.0751,515.22533
86,0.07526,515.80585
86.1,0.07542,516.39751
86.2,0.07559,517.02693
86.3,0.07575,517.56783
86.4,0.07591,518.18089
86.5,0.07607,518.76152
86.6,0.07624,519.38326
86.7,0.0764,520.0393
86.8,0.07657,520.60494
86.9,0.07673,521.26428
87,0.0769,521.82586
87.1,0.07707,522.41417
87.2,0.07723,522.98404
87.3,0.07741,523.63136
87.4,0.07757,524.20918
87.5,0.07774,524.82565
87.6,0.07791,525.36182
87.7,0.07808,526.03878
87.8,0.07825,526.58719
87.9,0.07843,527.1929
88,0.0786,527.7946
88.1,0.07877,528.3962
88.2,0.07894,529.01475
88.3,0.07912,529.6125
88.4,0.07929,530.18237
88.5,0.07947,530.81361
88.6,0.07964,531.41772
88.7,0.07982,531.95801
88.8,0.08,532.62613
88.9,0.08017,533.18398
89,0.08035,533.83469
89.1,0.08053,534.39941
89.2,0.0807,534.96286
89.3,0.08088,535.61544
89.4,0.08106,536.13772
89.5,0.08124,536.8419
89.6,0.08142,537.42928
89.7,0.0816,538.00222
89.8,0.08179,538.62753
89.9,0.08197,539.18527
90,0.08215,539.83434
90.1,0.08233,540.4299
90.2,0.08252,540.97918
90.3,0.0827,541.62128
90.4,0.08288,542.1731
90.5,0.08307,542.83303
90.6,0.08325,543.42574
90.7,0.08344,543.9865
90.8,0.08362,544.62141
90.9,0.08381,545.23041
91,0.084,545.8207
91.1,0.08419,546.44123
91.2,0.08437,547.02125
91.3,0.08456,547.6178
91.4,0.08475,548.17686
91.5,0.08494,548.77955
91.6,0.08512,549.34679
91.7,0.08532,550.0273
91.8,0.0855,550.61715
91.9,0.08569,551.17714
92,0.08589,551.83236
92.1,0.08607,552.3485
92.2,0.08626,552.99033
92.3,0.08646,553.60295
92.4,0.08665,554.22782
92.5,0.08684,554.81739
92.6,0.08703,555.36229
92.7,0.08723,556.0405
92.8,0.08742,556.57651
92.9,0.08762,557.16543
93,0.08781,557.73876
93.1,0.08801,558.46033
93.2,0.08821,559.00578
93.3,0.0884,559.54354
93.4,0.0886,560.24272
93.5,0.0888,560.84201
93.6,0.089,561.42203
93.7,0.0892,561.96989
93.8,0.0894,562.64701
93.9,0.0896,563.21134
94,0.0898,563.81924
94.1,0.09,564.39784
94.2,0.0902,564.95805
94.3,0.0904,565.63242
94.4,0.0906,566.17458
94.5,0.0908,566.77969
94.6,0.091,567.34176
94.7,0.0912,568.04314
94.8,0.09141,568.64331
94.9,0.09161,569.24045
95,0.09181,569.82366
95.1,0.09201,570.36055
95.2,0.09222,571.03909
95.3,0.09242,571.59518
95.4,0.09262,572.19014
95.5,0.09282,572.74162
95.6,0.09303,573.39404
95.7,0.09323,574.02313
95.8,0.09344,574.62725
95.9,0.09364,575.23494
96,0.09385,575.80305
96.1,0.09406,576.42567
96.2,0.09426,576.97852
96.3,0.09447,577.61552
96.4,0.09468,578.17957
96.5,0.09488,578.74972
96.6,0.09509,579.36158
96.7,0.0953,580.00625
96.8,0.09551,580.54967
96.9,0.09572,581.2269
97,0.09593,581.84852
97.1,0.09614,582.49057
97.2,0.09636,583.02175
97.3,0.09657,583.5982
97.4,0.09678,584.20293
97.5,0.09699,584.73064
97.6,0.09721,585.38493
97.7,0.09742,585.97341
97.8,0.09763,586.59739
97.9,0.09785,587.21809
98,0.09806,587.83335
98.1,0.09827,588.37386
98.2,0.09849,589.00602
98.3,0.0987,589.59455
98.4,0.09892,590.2018
98.5,0.09913,590.76256
98.6,0.09935,591.42294
98.7,0.09956,591.9882
98.8,0.09978,592.61811
98.9,0.1,593.19512
99,0.10021,593.84819
99.1,0.10043,594.43442
99.2,0.10065,595.03662
99.3,0.10086,595.65435
99.4,0.10108,596.22834
99.5,0.1013,596.82027
99.6,0.10152,597.36824
99.7,0.10174,598.01408
99.8,0.10195,598.53867
99.9,0.10217,599.18713
100,0.10239,599.77039
100.1,0.10261,600.41837
100.2,0.10283,600.99202
100.3,0.10305,601.64571
100.4,0.10327,602.24428
100.5,0.1035,602.87738
100.6,0.10372,603.41586
100.7,0.10394,604.01904
100.8,0.10416,604.60472
100.9,0.10438,605.18101
101,0.1046,605.78645
101.1,0.10483,606.42921
101.2,0.10505,606.97059
101.3,0.10528,607.60907
101.4,0.1055,608.18009
101.5,0.10573,608.7773
101.6,0.10596,609.37346
101.7,0.10618,610.00392
101.8,0.10641,610.60261
101.9,0.10664,611.22555
102,0.10687,611.79976
102.1,0.10709,612.36968
102.2,0.10732,612.97523
102.3,0.10755,613.63873
102.4,0.10778,614.24203
102.5,0.10801,614.85685
102.6,0.10824,615.42612
102.7,0.10847,616.06701
102.8,0.1087,616.60368
102.9,0.10894,617.19676
103,0.10917,617.78513
103.1,0.1094,618.45511
103.2,0.10963,618.98289
103.3,0.10986,619.61456
103.4,0.11009,620.15847
103.5,0.11033,620.80326
103.6,0.11056,621.37154
103.7,0.11079,621.98608
103.8,0.11102,622.55722
103.9,0.11125,623.2166
104,0.11148,623.77528
104.1,0.11172,624.39356
104.2,0.11195,625.07869
104.3,0.11218,625.67644
104.4,0.11242,626.26129
104.5,0.11265,626.84686
104.6,0.11288,627.44176
104.7,0.11312,628.01169
104.8,0.11335,628.6461
104.9,0.11359,629.20033
105,0.11382,629.76932
105.1,0.11405,630.34413
105.2,0.11429,630.97882
105.3,0.11452,631.537
105.4,0.11476,632.20946
105.5,0.115,632.8363
105.6,0.11524,633.46912
105.7,0.11548,633.99613
105.8,0.11572,634.61084
105.9,0.11596,635.17385
106,0.1162,635.76348
106.1,0.11644,636.33384
106.2,0.11668,636.95778
106.3,0.11693,637.65438
106.4,0.11717,638.27145
106.5,0.11742,638.84609
106.6,0.11766,639.33199
106.7,0.11791,639.93573
106.8,0.11815,640.52887
106.9,0.1184,641.21186
107,0.11865,641.8325
107.1,0.11889,642.43585
107.2,0.11914,642.93042
107.3,0.11939,643.56017
107.4,0.11964,644.25029
107.5,0.11989,644.87933
107.6,0.12014,645.44925
107.7,0.12039,645.96166
107.8,0.12064,646.57236
107.9,0.12088,647.2014
108,0.12113,647.85519
108.1,0.12138,648.40009
108.2,0.12162,649.01035
108.3,0.12187,649.57611
108.4,0.12212,650.24488
108.5,0.12237,650.90724
108.6,0.12261,651.45888
108.7,0.12285,652.03046
108.8,0.12309,652.53611
108.9,0.12334,653.14341
109,0.12359,653.83085
109.1,0.12383,654.49792
109.2,0.12407,655.06302
109.3,0.12432,655.66269
109.4,0.12456,656.15764
109.5,0.1248,656.78026
109.6,0.12505,657.39009
109.7,0.1253,658.02823
109.8,0.12555,658.68477
109.9,0.12579,659.15683
110,0.12604,659.71666
110.1,0.12629,660.35805
110.2,0.12655,661.03818
110.3,0.1268,661.6356
110.4,0.12706,662.2007
110.5,0.12732,662.77628
110.6,0.12758,663.40054
110.7,0.12784,663.99923
110.8,0.1281,664.5259
110.9,0.12837,665.22613
111,0.12863,665.77953
111.1,0.1289,666.36949
111.2,0.12918,667.05396
111.3,0.12945,667.59974
111.4,0.12972,668.2055
111.5,0.13,668.81802
111.6,0.13027,669.40584
111.7,0.13055,669.98186
111.8,0.13083,670.5655
111.9,0.13111,671.23334
112,0.13138,671.8306
112.1,0.13166,672.42956
112.2,0.13193,672.98752
112.3,0.1322,673.60026
112.4,0.13247,674.26738
112.5,0.13273,674.82414
112.6,0.13299,675.44752
112.7,0.13325,676.0624
112.8,0.1335,676.57771
112.9,0.13375,677.1736
113,0.134,677.8421
113.1,0.13425,678.50917
113.2,0.1345,679.00884
113.3,0.13474,679.5976
113.4,0.13498,680.14266
113.5,0.13523,680.80775
113.6,0.13547,681.48608
113.7,0.13571,682.0178
113.8,0.13595,682.62878
113.9,0.13619,683.16627
114,0.13644,683.78911
114.1,0.13669,684.39586
114.2,0.13694,685.04521
114.3,0.13719,685.62754
114.4,0.13745,686.15981
114.5,0.13771,686.7372
114.6,0.13797,687.44461
114.7,0.13824,688.00927
114.8,0.13851,688.52179
114.9,0.13879,689.20329
115,0.13907,689.83211
115.1,0.13935,690.38063
115.2,0.13964,690.97449
115.3,0.13994,691.57937
115.4,0.14023,692.16571
115.5,0.14053,692.75347
115.6,0.14084,693.36462
115.7,0.14115,693.98098
115.8,0.14148,694.58691
115.9,0.14182,695.18153
116,0.14217,695.67775
116.1,0.14256,696.25278
116.2,0.14297,696.83445
116.3,0.1434,697.5457
116.4,0.14377,698.20141
116.5,0.14412,698.81558
116.6,0.14443,699.41399
116.7,0.14472,700.018
116.8,0.145,700.74363
116.9,0.14526,701.26224
117,0.1455,701.83815
117.1,0.14575,702.5112
117.2,0.14599,703.11395
117.3,0.14623,703.63579
117.4,0.14647,704.27411
117.5,0.1467,704.85924
117.6,0.14693,705.45446
117.7,0.14715,706.01709
117.8,0.14737,706.72928
117.9,0.14758,707.24547
118,0.14779,707.86688
118.1,0.148,708.44125
118.2,0.14822,709.09674
118.3,0.14844,709.67995
118.4,0.14867,710.22957
118.5,0.14891,710.79966
118.6,0.14916,711.46871
118.7,0.1494,711.92634
118.8,0.14966,712.52019
118.9,0.14993,713.22157
119,0.15021,713.8556
119.1,0.15049,714.39259
119.2,0.15079,714.90072
119.3,0.15109,715.5634
119.4,0.1514,716.17466
119.5,0.1517,716.72866
119.6,0.152,717.37362
119.7,0.1523,718.00952
119.8,0.1526,718.56232
119.9,0.15292,719.10689
120,0.15327,719.75815
120.1,0.15364,720.28219
120.2,0.15404,720.89498
120.3,0.15443,721.56798
120.4,0.15479,722.16585
120.5,0.15513,722.79016
120.6,0.15549,723.34736
120.7,0.15586,724.00493
120.8,0.15622,724.5731
120.9,0.15657,725.09594
121,0.15698,725.65719
121.1,0.15748,726.06597
121.2,0.1581,726.67476
121.3,0.15876,727.31724
121.4,0.1593,728.27559
121.5,0.15966,728.94634
121.6,0.15995,729.58734
121.7,0.1602,730.17933
121.8,0.16044,730.89152
121.9,0.16066,731.4003
122,0.16086,731.97829
122.1,0.16106,732.58401
122.2,0.16126,733.1626
122.3,0.16144,733.73604
122.4,0.16163,734.32957
122.5,0.16182,734.95449
122.6,0.16201,735.48424
122.7,0.16217,736.12409
122.8,0.16233,736.75378
122.9,0.16248,737.31767
123,0.16264,737.90757
123.1,0.16282,738.44644
123.2,0.16302,738.9943
123.3,0.16326,739.60769
123.4,0.16353,740.15495
123.5,0.16385,740.57158
123.6,0.1642,741.28673
123.7,0.16453,741.8706
123.8,0.16489,742.51029
123.9,0.16523,743.05743
124,0.1656,743.65305
124.1,0.166,744.23389
124.2,0.16647,744.72577
124.3,0.16699,745.3496
124.4,0.16753,746.0788
124.5,0.16799,746.82776
124.6,0.16832,747.54456
124.7,0.16856,748.19818
124.8,0.16876,748.77535
124.9,0.16895,749.3832
125,0.16914,749.9668
125.1,0.16934,750.5303
125.2,0.16956,751.08755
125.3,0.16985,751.52987
125.4,0.17027,751.98678
125.5,0.17072,752.75089
125.6,0.17112,753.22455
125.7,0.17161,753.92861
125.8,0.172,754.57423
125.9,0.17239,755.10974
126,0.17283,755.67017
126.1,0.17324,756.36337
126.2,0.1736,757.0311
126.3,0.17399,757.48549
126.4,0.17439,758.33593
126.5,0.17465,758.88884
126.6,0.17489,759.6125
126.7,0.17513,760.16465
126.8,0.1754,760.49697
126.9,0.17568,761.31487
127,0.17594,761.90554
127.1,0.17627,762.26043
127.2,0.17676,762.95599
127.3,0.1772,763.53393
127.4,0.17765,764.1106
127.5,0.17812,764.71714
127.6,0.17854,765.59129
127.7,0.17877,766.33498
127.8,0.17891,766.84931
127.9,0.17908,767.36841
128,0.17939,767.66292
128.1,0.17968,768.43417
128.2,0.17991,769.17457
128.3,0.1801,769.77869
128.4,0.1803,770.30981
128.5,0.18042,770.9389
128.6,0.18054,771.567
128.7,0.18066,772.20559
128.8,0.18078,772.74341
128.9,0.18091,773.23743
129,0.18105,773.77217
129.1,0.18121,774.43403
129.2,0.18141,775.01894
129.3,0.18173,775.14847
129.4,0.18225,775.90133
129.5,0.18284,776.0684
129.6,0.18363,776.86566
129.7,0.18442,777.42718
129.8,0.18521,778.16637
129.9,0.18606,778.7644
130,0.18684,779.56369
130.1,0.18753,780.31655
130.2,0.18809,781.17742
130.3,0.18843,781.93138
130.4,0.18871,782.47243
130.5,0.18904,782.86014
130.6,0.18931,783.69055
130.7,0.18952,784.33259
130.8,0.18971,784.88655
130.9,0.18989,785.32662
131,0.19011,785.9983
131.1,0.19031,786.69825
131.2,0.19051,787.08096
131.3,0.19075,787.70851
131.4,0.19094,788.38601
131.5,0.1911,789.09134
131.6,0.19128,789.62757
131.7,0.19146,790.00946
131.8,0.1917,790.58114
131.9,0.19193,791.36912
132,0.19213,791.9598
132.1,0.19233,792.35063
132.2,0.19254,793.07709
132.3,0.19276,793.53752
132.4,0.19301,794.2204
132.5,0.19348,794.48258
132.6,0.194,795.20767
132.7,0.19453,795.64258
132.8,0.19515,795.75987
132.9,0.19605,796.65208
133,0.19675,797.55774
133.1,0.19738,798.31449
133.2,0.19785,799.02942
133.3,0.19837,799.42355
133.4,0.19885,800.301
133.5,0.19918,801.00193
133.6,0.19947,801.60644
133.7,0.19977,802.18558
133.8,0.20013,802.729
133.9,0.20045,803.40343
134,0.20073,803.88823
134.1,0.20098,804.75426
134.2,0.20116,805.27846
134.3,0.20138,805.65272
134.4,0.20159,806.30646
134.5,0.2018,806.98648
134.6,0.20205,807.33972
134.7,0.20241,807.83835
134.8,0.20285,808.45839
134.9,0.20339,808.66739
135,0.20387,809.76443
135.1,0.2043,810.48046
135.2,0.20467,810.99073
135.3,0.205,811.64402
135.4,0.2053,812.35885
135.5,0.20559,812.8898
135.6,0.20592,813.18508
135.7,0.20646,813.59897
135.8,0.20719,814.41643
135.9,0.20771,815.05847
136,0.20837,815.70683
136.1,0.20883,816.49641
136.2,0.20915,817.28867
136.3,0.20939,817.84652
136.4,0.2096,818.41052
136.5,0.20999,818.01079
136.6,0.21087,819.19164
136.7,0.21153,819.54088
136.8,0.21224,820.45493
136.9,0.21282,821.16608
137,0.21331,822.10455
137.1,0.21358,822.82338
137.2,0.2138,823.43145
137.3,0.21397,823.82317
137.4,0.21414,824.50863
137.5,0.2143,825.12186
137.6,0.21447,825.65457
137.7,0.21467,826.08822
137.8,0.21491,826.74947
137.9,0.21508,827.4397
138,0.21525,828.10617
138.1,0.21539,828.47253
138.2,0.21555,829.07231
138.3,0.21571,829.7345
138.4,0.21589,830.36359
138.5,0.21609,830.70487
138.6,0.21638,831.40427
138.7,0.21662,832.10207
138.8,0.21694,832.50581
138.9,0.21722,833.18139
139,0.21747,833.8607
139.1,0.21771,834.52179
139.2,0.21799,834.5511
139.3,0.21853,835.01894
139.4,0.21905,836.0325
139.5,0.2194,836.82235
139.6,0.21989,836.21499
139.7,0.22071,837.76527
139.8,0.22134,838.18778
139.9,0.22193,839.1543
140,0.22246,839.65118
140.1,0.22299,840.15332
140.2,0.22373,840.20551
140.3,0.22496,840.68614
140.4,0.22631,841.50618
140.5,0.22754,842.19092
140.6,0.22843,843.39955
140.7,0.22916,843.97156
140.8,0.22985,844.63226
140.9,0.23053,845.25493
141,0.23111,846.06059
141.1,0.23158,846.65351
141.2,0.23201,847.23381
141.3,0.23241,847.93217
141.4,0.23279,848.4842
141.5,0.23316,849.12625
141.6,0.23348,849.73234
141.7,0.23376,850.32351
141.8,0.23404,850.88438
141.9,0.2344,851.23679
142,0.23484,852.00957
142.1,0.23513,852.80233
142.2,0.23537,853.35782
142.3,0.23566,853.45936
142.4,0.23611,854.27018
142.5,0.23654,854.82627
142.6,0.237,855.07441
142.7,0.23752,856.14269
142.8,0.23784,856.76695
142.9,0.2382,857.30965
143,0.23853,858.03523
143.1,0.23881,858.49067
143.2,0.23913,859.09342
143.3,0.23946,859.73694
143.4,0.23974,860.2359
143.5,0.23999,861.01609
143.6,0.24024,861.62114
143.7,0.24051,861.97576
143.8,0.24084,862.53981
143.9,0.24133,863.02538
144,0.24182,863.61034
144.1,0.24241,863.94607
144.2,0.24327,864.1284
144.3,0.24404,865.71342
144.4,0.24434,866.39778
144.5,0.2446,867.18418
144.6,0.24482,867.75377
144.7,0.24501,868.17277
144.8,0.2452,868.77634
144.9,0.2454,869.53221
145,0.2456,870.06498
145.1,0.24581,870.49034
145.2,0.24605,870.93216
145.3,0.24635,871.77361
145.4,0.24662,872.28376
145.5,0.2469,872.64622
145.6,0.24743,873.40281
145.7,0.24778,873.98821
145.8,0.24809,874.57762
145.9,0.24839,875.26923
146,0.2487,875.79431
146.1,0.24904,876.28576
146.2,0.24944,876.93521
146.3,0.24989,877.20722
146.4,0.2507,877.91063
146.5,0.25136,878.43933
146.6,0.25212,878.84021
146.7,0.25301,879.54104
146.8,0.254,879.49362
146.9,0.25529,880.8316
147,0.25624,881.41229
147.1,0.25723,881.93254
147.2,0.25849,881.99654
147.3,0.26015,882.88891
147.4,0.26169,882.90445
147.5,0.26502,870.12727
147.531,0.26892,840.51452
147.545,0.27162,809.21388
147.552,0.2732,777.26588
147.557,0.27443,744.23647
147.561,0.27547,715.8735
147.566,0.27684,681.28564
147.571,0.2783,648.59169
147.576,0.27983,617.40066
147.581,0.28145,585.85694
147.585,0.2828,553.0423
147.588,0.28384,520.05
